{
  "model_a_scipy_map": {
    "h0": 67.26106201287114,
    "omega_m": 0.31703055005202035,
    "w0": -1.1137850726523473,
    "B": -0.16511885640321006,
    "C": 0.14106704166159786,
    "omega": 4.4518341859186075,
    "best_loglike_scipy": 811.4743593276863,
    "lcdm_loglike_scipy": 808.6957281429857,
    "delta_lnL": 2.7786311847006573,
    "delta_aic": 2.4427376305986854,
    "delta_bic": 24.062287933063185
  }
}