{
  "run_id": "sensitivity_wide_prior_a_ModelA",
  "model": "a",
  "model_label": "ModelA",
  "rd_mpc": 147.09,
  "steps_requested": 80000,
  "steps_used": 2000,
  "used_fallback_steps": false,
  "runtime_seconds": 4864.635501100012,
  "runtime_probe_seconds": 3.040397188187508,
  "runtime_estimate_primary_seconds": 4864.635501100012,
  "burn_in_steps": 0,
  "n_chains": 4,
  "accept_rates": [
    0.8210882797481227,
    0.9326839329304775,
    0.9603510909509407,
    0.957556434501371
  ],
  "accept_rate_mean": 0.917919934532728,
  "target_accept": 0.8,
  "sampler_backend": "blackjax-nuts",
  "growth_likelihood_mode": "production",
  "growth_backend_requested": "auto",
  "growth_backend_status": {
    "backend_requested": "auto",
    "backend_attempted": [
      "class",
      "camb"
    ],
    "class_available": false,
    "camb_available": true,
    "backend_resolved": "camb"
  },
  "param_names": [
    "h0",
    "omega_m",
    "w0",
    "B",
    "C",
    "omega"
  ],
  "posterior": {
    "h0": {
      "mean": 67.39666958263183,
      "median": 67.38476309772477,
      "ci68_low": 66.68285479669501,
      "ci68_high": 68.10011196536621,
      "std": 0.7096608369454905,
      "best_fit": 67.52691094677915,
      "prior": "U(60,80)"
    },
    "omega_m": {
      "mean": 0.31644881838179584,
      "median": 0.3164142739114262,
      "ci68_low": 0.30951929650158977,
      "ci68_high": 0.32339618437455936,
      "std": 0.006951821520385947,
      "best_fit": 0.31524502625406725,
      "prior": "U(0.1,0.5)"
    },
    "w0": {
      "mean": -0.9918386394682825,
      "median": -0.982569246046053,
      "ci68_low": -1.2976796942307556,
      "ci68_high": -0.6966019351698722,
      "std": 0.26197089197798307,
      "best_fit": -1.0109235805499746,
      "prior": "U(-1.5,-0.5)"
    },
    "B": {
      "mean": 0.4179137066295492,
      "median": 0.23244348841400964,
      "ci68_low": -0.09361611553265085,
      "ci68_high": 0.9774140555823094,
      "std": 0.6661242594993816,
      "best_fit": -0.08369038225509451,
      "prior": "U(-3,3)"
    },
    "C": {
      "mean": 0.09974002936738209,
      "median": 0.09060327294605575,
      "ci68_low": -0.17257309168643872,
      "ci68_high": 0.38284854116389255,
      "std": 0.25105808008359,
      "best_fit": 0.0647313599590742,
      "prior": "U(-3,3)"
    },
    "omega": {
      "mean": 1.2290116469764103,
      "median": 0.741454489939626,
      "ci68_low": 0.20316601734803932,
      "ci68_high": 2.463807543754172,
      "std": 1.2153497806406162,
      "best_fit": 4.987444197954161,
      "prior": "U(0.1,5)"
    }
  },
  "split_rhat": {
    "h0": 1.0003074985694065,
    "omega_m": 1.0004237405804266,
    "w0": 1.001280715643165,
    "B": 1.0031220567408288,
    "C": 1.001303246929644,
    "omega": 1.0026537828982542
  },
  "ess_aggregate": {
    "h0": 2388.450643731537,
    "omega_m": 2396.3297931127895,
    "w0": 2144.314324099819,
    "B": 1515.0901249878502,
    "C": 2176.349600080513,
    "omega": 1666.3660615367867
  },
  "max_split_rhat": 1.0031220567408288,
  "min_ess": 1515.0901249878502,
  "chain_best_loglike": [
    809.647755649361,
    809.5192113244535,
    809.5522049443084,
    809.4905389437533
  ],
  "best_loglike_found": 809.647755649361,
  "max_loglike_all_samples": 809.647755649361,
  "best_fit_theta": [
    67.52691094677915,
    0.31524502625406725,
    -1.0109235805499746,
    -0.08369038225509451,
    0.0647313599590742,
    4.987444197954161
  ],
  "information_criteria": {
    "bic": -1574.8661858450253,
    "aic": -1607.295511298722,
    "aicc": -1607.2441979205912
  },
  "waic": {
    "waic": -1613.493078864432,
    "lppd": 809.5024372258006,
    "p_waic": 2.7558977935845745
  },
  "block_likelihoods_best_fit": {
    "chi2": {
      "sn": -1635.3778100755312,
      "bao": 25.35824564324249,
      "planck": -11.556596574748841,
      "other": -0.0,
      "total": -1621.5761610070376,
      "bao_by_dataset": {
        "desi_dr1_dv": -0.7394265760615637,
        "desi_dr1_dm": 6.734602047224947,
        "desi_dr1_dh": 6.7484778223234425,
        "eboss_dr16_dm": 8.986922798068033,
        "eboss_dr16_dh": 3.627669551687633
      }
    }
  },
  "prior_labels": [
    "U(60,80)",
    "U(0.1,0.5)",
    "U(-1.5,-0.5)",
    "U(-3,3)",
    "U(-3,3)",
    "U(0.1,5)"
  ],
  "samples_post_burn": 8000
}